id;person_name;person_id;quantity;withdraw_date;withdraw_type;pdf_file;pdf_file_content_type;pdf_file_url
1;Grass-roots frictionless Identity;Sports alarm;14584;2022-04-25;SLIDE;../fake-data/blob/hipster.png;image/png;unleash
2;blue Nevada Account;task-force Rubber Brand;90299;2022-04-25;BLOCK;../fake-data/blob/hipster.png;image/png;haptic Wooden
3;AI;Refined;34031;2022-04-25;BLOCK;../fake-data/blob/hipster.png;image/png;Cambridgeshire Handcrafted tan
4;object-oriented optimize;Ameliorated Handcrafted Cotton;41544;2022-04-25;SLIDE;../fake-data/blob/hipster.png;image/png;Oregon Pike microchip
5;interface Metal;Soft Borders;23604;2022-04-25;SLIDE;../fake-data/blob/hipster.png;image/png;auxiliary ubiquitous Electronics
6;Palestinian FTP;copying to Utah;48333;2022-04-25;SLIDE;../fake-data/blob/hipster.png;image/png;User-centric
7;sky forecast;e-enable Open-architected Pennsylvania;11710;2022-04-25;SLIDE;../fake-data/blob/hipster.png;image/png;of Computer
8;connect Triple-buffered;bus deposit;59797;2022-04-25;BLOCK;../fake-data/blob/hipster.png;image/png;Salvador Shoal Salvador
9;Internal convergence;generating Walk Berkshire;55798;2022-04-25;SLIDE;../fake-data/blob/hipster.png;image/png;matrix Garden
10;Cambridgeshire foreground e-enable;Buckinghamshire;78580;2022-04-25;SLIDE;../fake-data/blob/hipster.png;image/png;XSS
